admin1,admin1@gmail.com,Alberto,Campos,911111001,123456,ADMIN
vende1,vende1@gmail.com,Beatriz,Gonzalez,922222001,123456,VENDEDOR
vende2,vende2@gmail.com,Carlos,Herrera,922222002,123456,VENDEDOR
vende4,vende4@gmail.com,David,Jimenez,922222004,123456,VENDEDOR
vende5,vende5@gmail.com,Elena,Martinez,922222005,123456,VENDEDOR
user1,user1@gmail.com,Andrea,Alvarez,933333001,123456,CLIENTE
user2,user2@gmail.com,Bruno,Benitez,933333002,123456,CLIENTE
user3,user3@gmail.com,Carla,Castillo,933333003,123456,CLIENTE
user4,user4@gmail.com,Daniel,Diaz,933333004,123456,CLIENTE
user5,user5@gmail.com,Esteban,Flores,933333005,123456,CLIENTE
user6,user6@gmail.com,Fernanda,Gomez,933333006,123456,CLIENTE
user7,user7@gmail.com,Gabriel,Gutierrez,933333007,123456,CLIENTE
user8,user8@gmail.com,Hilda,Hernandez,933333008,123456,CLIENTE
user9,user9@gmail.com,Ivan,Iglesias,933333009,123456,CLIENTE
user10,user10@gmail.com,Jimena,Juarez,933333010,123456,CLIENTE
user11,user11@gmail.com,Kevin,Lopez,933333011,123456,CLIENTE
user12,user12@gmail.com,Laura,Luna,933333012,123456,CLIENTE
user13,user13@gmail.com,Marcos,Mendez,933333013,123456,CLIENTE
user14,user14@gmail.com,Nadia,Navarro,933333014,123456,CLIENTE
user15,user15@gmail.com,Oscar,Ortega,933333015,123456,CLIENTE
user16,user16@gmail.com,Patricia,Perez,933333016,123456,CLIENTE
user17,user17@gmail.com,Quintin,Quiroga,933333017,123456,CLIENTE
user18,user18@gmail.com,Raquel,Ramirez,933333018,123456,CLIENTE
user19,user19@gmail.com,Sergio,Sanchez,933333019,123456,CLIENTE
user20,user20@gmail.com,Teresa,Torres,933333020,123456,CLIENTE
user21,user21@gmail.com,Ulises,Uribe,933333021,123456,CLIENTE
user22,user22@gmail.com,Valeria,Vargas,933333022,123456,CLIENTE
user23,user23@gmail.com,Walter,Vega,933333023,123456,CLIENTE
user24,user24@gmail.com,Ximena,Velasco,933333024,123456,CLIENTE
user25,user25@gmail.com,Yago,Yañez,933333025,123456,CLIENTE
user26,user26@gmail.com,Zoe,Zapata,933333026,123456,CLIENTE
user27,user27@gmail.com,Adrian,Acosta,933333027,123456,CLIENTE
user28,user28@gmail.com,Brenda,Blanco,933333028,123456,CLIENTE
user29,user29@gmail.com,Cesar,Cordero,933333029,123456,CLIENTE
user30,user30@gmail.com,Diana,Dominguez,933333030,123456,CLIENTE
user31,user31@gmail.com,Elias,Escobar,933333031,123456,CLIENTE
user32,user32@gmail.com,Fabian,Fernandez,933333032,123456,CLIENTE
user33,user33@gmail.com,Gabriela,Garcia,933333033,123456,CLIENTE
user34,user34@gmail.com,Hector,Hurtado,933333034,123456,CLIENTE
user35,user35@gmail.com,Irene,Ibarra,933333035,123456,CLIENTE
user36,user36@gmail.com,Javier,Jimenez,933333036,123456,CLIENTE
user37,user37@gmail.com,Karla,Krause,933333037,123456,CLIENTE
user38,user38@gmail.com,Leonardo,Lara,933333038,123456,CLIENTE
user39,user39@gmail.com,Mariana,Molina,933333039,123456,CLIENTE
user40,user40@gmail.com,Nicolas,Nuñez,933333040,123456,CLIENTE
user41,user41@gmail.com,Olivia,Ochoa,933333041,123456,CLIENTE
user42,user42@gmail.com,Pablo,Paredes,933333042,123456,CLIENTE
user43,user43@gmail.com,Paula,Peña,933333043,123456,CLIENTE
user44,user44@gmail.com,Ricardo,Rios,933333044,123456,CLIENTE
user45,user45@gmail.com,Sandra,Soto,933333045,123456,CLIENTE
user46,user46@gmail.com,Tomas,Tapia,933333046,123456,CLIENTE
user47,user47@gmail.com,Ursula,Ulloa,933333047,123456,CLIENTE
user48,user48@gmail.com,Victor,Valencia,933333048,123456,CLIENTE
user49,user49@gmail.com,Vanessa,Vidal,933333049,123456,CLIENTE
user50,user50@gmail.com,Xavier,Ximenez,933333050,123456,CLIENTE
user51,user51@gmail.com,Yolanda,Yepes,933333051,123456,CLIENTE
user52,user52@gmail.com,Zacarias,Zembrano,933333052,123456,CLIENTE
user53,user53@gmail.com,Alicia,Aguilar,933333053,123456,CLIENTE
user54,user54@gmail.com,Benito,Barrios,933333054,123456,CLIENTE
user55,user55@gmail.com,Carolina,Cabrera,933333055,123456,CLIENTE
user56,user56@gmail.com,Dario,Delgado,933333056,123456,CLIENTE
user57,user57@gmail.com,Elisa,Espinoza,933333057,123456,CLIENTE
user58,user58@gmail.com,Felipe,Fuentes,933333058,123456,CLIENTE
user59,user59@gmail.com,Gloria,Guerrero,933333059,123456,CLIENTE
user60,user60@gmail.com,Hugo,Hidalgo,933333060,123456,CLIENTE
user61,user61@gmail.com,Ines,Infante,933333061,123456,CLIENTE
user62,user62@gmail.com,Jacobo,Jaimes,933333062,123456,CLIENTE
user63,user63@gmail.com,Kiara,Kent,933333063,123456,CLIENTE
user64,user64@gmail.com,Lorenzo,Leal,933333064,123456,CLIENTE
user65,user65@gmail.com,Matias,Marquez,933333065,123456,CLIENTE
user66,user66@gmail.com,Noelia,Nieto,933333066,123456,CLIENTE
user67,user67@gmail.com,Octavio,Osorio,933333067,123456,CLIENTE
user68,user68@gmail.com,Pedro,Ponce,933333068,123456,CLIENTE
user69,user69@gmail.com,Pilar,Pinto,933333069,123456,CLIENTE
user70,user70@gmail.com,Rafael,Reyes,933333070,123456,CLIENTE
user71,user71@gmail.com,Sabrina,Salazar,933333071,123456,CLIENTE
user72,user72@gmail.com,Simon,Silva,933333072,123456,CLIENTE
user73,user73@gmail.com,Tatiana,Tovar,933333073,123456,CLIENTE
user74,user74@gmail.com,Teo,Trigo,933333074,123456,CLIENTE
user75,user75@gmail.com,Valentin,Vallejo,933333075,123456,CLIENTE
user76,user76@gmail.com,Veronica,Villanueva,933333076,123456,CLIENTE
user77,user77@gmail.com,William,Walsh,933333077,123456,CLIENTE
user78,user78@gmail.com,Xochitl,Xavier,933333078,123456,CLIENTE
user79,user79@gmail.com,Yadira,Ybarra,933333079,123456,CLIENTE
user80,user80@gmail.com,Zulma,Zabala,933333080,123456,CLIENTE
user81,user81@gmail.com,Arturo,Aranda,933333081,123456,CLIENTE
user82,user82@gmail.com,Belen,Bravo,933333082,123456,CLIENTE
user83,user83@gmail.com,Cristian,Camacho,933333083,123456,CLIENTE
user84,user84@gmail.com,Diego,Duarte,933333084,123456,CLIENTE
user85,user85@gmail.com,Eva,Esquivel,933333085,123456,CLIENTE
user86,user86@gmail.com,Francisco,Farias,933333086,123456,CLIENTE
user87,user87@gmail.com,Gaston,Galvan,933333087,123456,CLIENTE
user88,user88@gmail.com,Hernan,Herrero,933333088,123456,CLIENTE
user89,user89@gmail.com,Ismael,Izquierdo,933333089,123456,CLIENTE
user90,user90@gmail.com,Julia,Jara,933333090,123456,CLIENTE
user91,user91@gmail.com,Katia,King,933333091,123456,CLIENTE
user92,user92@gmail.com,Luciano,Ledesma,933333092,123456,CLIENTE
user93,user93@gmail.com,Monica,Moreno,933333093,123456,CLIENTE
user94,user94@gmail.com,Nestor,Noriega,933333094,123456,CLIENTE
user95,user95@gmail.com,Omar,Ojeda,933333095,123456,CLIENTE